<?xml version="1.0" encoding="UTF-8"?>
<beans xmlns="http://www.springframework.org/schema/beans"  
    xmlns:xsi="http://www.w3.org/2001/XMLSchema-instance"  
    xmlns:p="http://www.springframework.org/schema/p" 
     xmlns:tx="http://www.springframework.org/schema/tx"
      xmlns:mvc="http://www.springframework.org/schema/mvc" 
    xmlns:context="http://www.springframework.org/schema/context"  
    xsi:schemaLocation="http://www.springframework.org/schema/beans  
http://www.springframework.org/schema/beans/spring-beans-3.0.xsd  
http://www.springframework.org/schema/context  
http://www.springframework.org/schema/context/spring-context-3.0.xsd
http://www.springframework.org/schema/mvc
http://www.springframework.org/schema/mvc/spring-mvc-3.0.xsd
http://www.springframework.org/schema/tx
http://www.springframework.org/schema/tx/spring-tx-3.0.xsd">  


<context:annotation-config > </context:annotation-config>
<context:component-scan base-package="com.basic.controller"/>


<mvc:annotation-driven/>


<mvc:resources location="/WEB-INF/resources/" mapping="/resources/**"/>



<bean id="viewResolver" class="org.springframework.web.servlet.view.InternalResourceViewResolver">
<property name="prefix" value="/WEB-INF/views/"></property>
<property name="suffix" value=".jsp"></property>
</bean>

<!-- Configuring Multipart Resolver-->
<bean class="org.springframework.web.multipart.commons.CommonsMultipartResolver" name="multipartResolver"/>

<!-- <bean id="ds" class="org.springframework.jdbc.datasource.DriverManagerDataSource">  
<property name="driverClassName" value="com.mysql.jdbc.Driver"></property>  
<property name="url" value="jdbc:mysql://localhost:3306/myydbb"></property>  
<property name="username" value="root"></property>  
<property name="password" value=""></property>  
</bean> -->  




</beans>